Plugin ID,CVE,CVSS,Risk,Host,Protocol,Port,Name,Synopsis,Description,Solution,See Also,Plugin Output
10150,,,None,192.168.56.1,tcp,445,Windows NetBIOS / SMB Remote Host Information Disclosure,It was possible to obtain the network name of the remote host.,"The remote host is listening on UDP port 137 or TCP port 445, and
replies to NetBIOS nbtscan or SMB requests.

Note that this plugin gathers information to be used in other plugins,
but does not itself generate a report.",n/a,,"The following 2 NetBIOS names have been gathered :

 LAPTOP-USM587O6  = Computer name
 LAPTOP-USM587O6  = Workgroup / Domain name
"
10736,,,None,192.168.56.1,tcp,135,DCE Services Enumeration,A DCE/RPC service is running on the remote host.,"By sending a Lookup request to the portmapper (TCP 135 or epmapper
PIPE) it was possible to enumerate the Distributed Computing
Environment (DCE) services running on the remote port. Using this
information it is possible to connect and bind to each service by
sending an RPC request to the remote port/pipe.",n/a,,"
The following DCERPC services are available locally :

Object UUID : 00000000-0000-0000-0000-000000000000
UUID : 04eeb297-cbf4-466b-8a2a-bfd6a2f10bba, version 1.0
Description : Unknown RPC service
Annotation : EFSK RPC Interface
Type : Local RPC service
Named pipe : LRPC-76cd16d6223aa0ee0a

Object UUID : 00000000-0000-0000-0000-000000000000
UUID : df1941c5-fe89-4e79-bf10-463657acf44d, version 1.0
Description : Unknown RPC service
Annotation : EFS RPC Interface
Type : Local RPC service
Named pipe : LRPC-76cd16d6223aa0ee0a

Object UUID : 00000000-0000-0000-0000-000000000000
UUID : 51a227ae-825b-41f2-b4a9-1ac9557a1018, version 1.0
Description : Unknown RPC service
Annotation : Ngc Pop Key Service
Type : Local RPC service
Named pipe : samss lpc

Object UUID : 00000000-0000-0000-0000-000000000000
UUID : 51a227ae-825b-41f2-b4a9-1ac9557a1018, version 1.0
Description : Unknown RPC service
Annotation : Ngc Pop Key Service
Type : Local RPC service
Named pipe : SidKey Local End Point

Object UUID : 00000000-0000-0000-0000-000000000000
UUID : 51a227ae-825b-41f2-b4a9-1ac9557a1018, version 1.0
Description : Unknown RPC service
Annotation : Ngc Pop Key Service
Type : Local RPC service
Named pipe : protected_storage

Object UUID : 00000000-0000-0000-0000-000000000000
UUID : 51a227ae-825b-41f2-b4a9-1ac9557a1018, version 1.0
Description : Unknown RPC service
Annotation : Ngc Pop Key Service
Type : Local RPC service
Named pipe : lsasspirpc

Object UUID : 00000000-0000-0000-0000-000000000000
UUID : 51a227ae-825b-41f2-b4a9-1ac9557a1018, version 1.0
Description : Unknown RPC service
Annotation : Ngc Pop Key Service
Type : Local RPC service
Named pipe : lsapolicylookup

Object UUID : 00000000-0000-0000-0000-000000000000
UUID : cc105610-da03-467e-bc73-5b9e2937458d, version 1.0
Description : Unknown RPC service
Annotation : LiveIdSvc RPC Interface
Type : Local RPC service
Named pipe : LRPC-6fab21d1cca50781f9

Object UUID : 00000000-0000-0000-0000-000000000000
UUID : faf2447b-b348-4feb-8dbe-beee5b7f7778, version 1.0
Description : Unknown RPC service
Annotation : OnlineProviderCert RPC Interface
Type : Local RPC service
Named pipe : LRPC-6fab21d1cca50781f9

Object UUID : 00000000-0000-0000-0000-000000000000
UUID : 572e35b4-1344-4565-96a1-f5df3bfa89bb, version 1.0
Description : Unknown RPC service
Annotation : LiveIdSvcNotify RPC Interface
Type : Local RPC service
Named pipe : liveidsvcnotify

Object UUID : 00000000-0000-0000-0000-000000000000
UUID : e8748f69-a2a4-40df-9366-62dbeb696e26, version 0.0
Description : Unknown RPC service
Type : Local RPC service
Named pipe : LRPC-bbd753fe9d391048cf

Object UUID : 00000000-0000-0000-0000-000000000000
UUID : c8ba73d2-3d55-429c-8e9a-c44f006f69fc, version 0.0
Description : Unknown RPC service
Type : Local RPC service
Named pipe : LRPC-bbd753fe9d391048cf

Object UUID : 00000000-0000-0000-0000-000000000000
UUID : 43890c94-bfd7-4655-ad6a-b4a68397cdcb, version 0.0
Description : Unknown RPC service
Type : Local RPC service
Named pipe : LRPC-bbd753fe9d391048cf

Object UUID : 00000000-0000-0000-0000-000000000000
UUID : d2716e94-25cb-4820-bc15-537866578562, version 1.0
Description : Unknown RPC service
Type : Local RPC service
Named pipe : LRPC-bbd753fe9d391048cf

Object UUID : 00000000-0000-0000-0000-000000000000
UUID : d2716e94-25cb-4820-bc15-537866578562, version 1.0
Description : Unknown RPC service
Type : Local RPC service
Named pipe : OLE85C66ECD5FDDB044AF23ADE48C5F

Object UUID : 00000000-0000-0000-0000-000000000000
UUID : 0c53aa2e-fb1c-49c5-bfb6-c54f8e5857cd, version 1.0
Description : Unknown RPC service
Type : Local RPC service
Named pipe : LRPC-bbd753fe9d391048cf

Object UUID : 00000000-0000-0000-0000-000000000000
UUID : 0c53aa2e-fb1c-49c5-bfb6-c54f8e5857cd, version 1.0
Description : Unknown RPC service
Type : Local RPC service
Named pipe : OLE85C66ECD5FDDB044AF23ADE48C5F

Object UUID : 00000000-0000-0000-0000-000000000000
UUID : 923c9623-db7f-4b34-9e6d-e86580f8ca2a, version 1.0
Description : Unknown RPC service
Type : Local RPC service
Named pipe : LRPC-bbd753fe9d391048cf

Object UUID : 00000000-0000-0000-0000-000000000000
UUID : 923c9623-db7f-4b34-9e6d-e86580f8ca2a, version 1.0
Description : Unknown RPC service
Type : Local RPC service
Named pipe : OLE85C66ECD5FDDB044AF23ADE48C5F

Object UUID : 00000000-0000-0000-0000-000000000000
UUID : caaa9188-2b56-486f-b07f-71a679722189, version 1.0
Description : Unknown RPC service
Type : Local RPC service
Named pipe : RealtekAudioRpcEndpoint

Object UUID : 07b91411-14fe-4856-8982-c3fa00000010
UUID : 07b91411-14fe-4856-8982-c3fa7581d784, version 1.0
Description : Unknown RPC service
Annotation : StateRoamingRpcServer
Type : Local RPC service
Named pipe : OLE38DA9A21BEA9D7862374EAB89F57

Object UUID : 07b91411-14fe-4856-8982-c3fa00000010
UUID : 07b91411-14fe-4856-8982-c3fa7581d784, version 1.0
Description : Unknown RPC service
Annotation : StateRoamingRpcServer
Type : Local RPC service
Named pipe : LRPC-94746b7301b9779e21

Object UUID : 00000010-0000-0000-0000-000000000000
UUID : 8ec21e98-b5ce-4916-a3d6-449fa428a007, version 0.0
Description : Unknown RPC service
Type : Local RPC service
Named pipe : OLEC4ADEE8E17A7C4CB9D788100A74C

Object UUID : 00000010-0000-0000-0000-000000000000
UUID : 8ec21e98-b5ce-4916-a3d6-449fa428a007, version 0.0
Description : Unknown RPC service
Type : Local RPC service
Named pipe : LRPC-db60adc38f58952c69

Object UUID : 00000010-0000-0000-0000-000000000000
UUID : 0fc77b1a-95d8-4a2e-a0c0-cff54237462b, version 0.0
Description : Unknown RPC service
Type : Local RPC service
Named pipe : OLEC4ADEE8E17A7C4CB9D788100A74C

Object UUID : 00000010-0000-0000-0000-000000000000
UUID : 0fc77b1a-95d8-4a2e-a0c0-cff54237462b, version 0.0
Description : Unknown RPC service
Type : Local RPC service
Named pipe : LRPC-db60adc38f58952c69

Object UUID : 00000010-0000-0000-0000-000000000000
UUID : b1ef227e-dfa5-421e-82bb-67a6a129c496, version 0.0
Description : Unknown RPC service
Type : Local RPC service
Named pipe : OLEC4ADEE8E17A7C4CB9D788100A74C

Object UUID : 00000010-0000-0000-0000-000000000000
UUID : b1ef227e-dfa5-421e-82bb-67a6a129c496, version 0.0
Description : Unknown RPC service
Type : Local RPC service
Named pipe : LRPC-db60adc38f58952c69

Object UUID : bae10e73-0010-0000-9dab-7d0f635c171a
UUID : 509bc7ae-77be-4ee8-b07c-0d096bb44345, version 1.0
Description : Unknown RPC service
Type : Local RPC service
Named pipe : OLE0505ABEBF8CD46CFF909905926DD

Object UUID : bae10e73-0010-0000-9dab-7d0f635c171a
UUID : 509bc7ae-77be-4ee8-b07c-0d096bb44345, version 1.0
Description : Unknown RPC service
Type : Local RPC service
Named pipe : LRPC-a35c8a81e3aff6c82f

Object UUID : b08669ee-8cb5-43a5-a017-84fe00000010
UUID : 76f226c3-ec14-4325-8a99-6a46348418af, version 1.0
Description : Unknown RPC service
Type : Local RPC service
Named pipe : WMsgKRpc0498E0C510

Object UUID : 52ef130c-08fd-4388-86b3-6edf00000010
UUID : 12e65dd8-887f-41ef-91bf-8d816c42c2e7, version 1.0
Description : Unknown RPC service
Annotation : Secure Desktop LRPC interface
Type : Local RPC service
Named pipe : WMsgKRpc0498E0C510

Object UUID : 00000000-0000-0000-0000-000000000000
UUID : ae2dc901-312d-41df-8b79-e835e63db874, version 1.0
Description : Unknown RPC service
Annotation : appxsvc
Type : Local RPC service
Named pipe : LRPC-cf9a22ff0eafa013dd

Object UUID : 00000000-0000-0000-0000-000000000000
UUID : ff9fd3c4-742e-45e0-91dd-2f5bc632a1df, version 1.0
Description : Unknown RPC service
Annotation : appxsvc
Type : Local RPC service
Named pipe : LRPC-cf9a22ff0eafa013dd

Object UUID : 00000000-0000-0000-0000-000000000000
UUID : 0e3ae095-8a23-48f4-9782-03c1594a890e, version 1.0
Description : Unknown RPC service
Annotation : NGC Service KSP RPC Interface
Type : Local RPC service
Named pipe : LRPC-d87fed213883e9e3ff

Object UUID : 00000000-0000-0000-0000-000000000000
UUID : c225e799-29de-42af-bc05-1e2127cc056e, version 1.0
Description : Unknown RPC service
Annotation : NGC Service Management RPC Interface
Type : Local RPC service
Named pipe : LRPC-d87fed213883e9e3ff

Object UUID : 00000000-0000-0000-0000-000000000000
UUID : d9844ed9-f72a-4745-a4a1-ee71f950781d, version 1.0
Description : Unknown RPC service
Annotation : NGC Service Silent Management RPC Interface
Type : Local RPC service
Named pipe : LRPC-d87fed213883e9e3ff

Object UUID : 00000000-0000-0000-0000-000000000000
UUID : 2b70bed6-1757-4d22-9f39-448589fbebf5, version 1.0
Description : Unknown RPC service
Annotation : NGC Service Ticket RPC Interface
Type : Local RPC service
Named pipe : LRPC-d87fed213883e9e3ff

Object UUID : 00000000-0000-0000-0000-000000000000
UUID : 9cbc9d3a-7586-4814-8d70-18737dcbe523, version 1.0
Description : Unknown RPC service
Annotation : NGC Service LocalAccount Vault Interface
Type : Local RPC service
Named pipe : LRPC-d87fed213883e9e3ff

Object UUID : 00000000-0000-0000-0000-000000000000
UUID : 4e25f4a2-21e8-40ce-b401-32050413143a, version 1.0
Description : Unknown RPC service
Annotation : Device Credential RPC Interface
Type : Local RPC service
Named pipe : LRPC-d87fed213883e9e3ff

Object UUID : 00000000-0000-0000-0000-000000000000
UUID : fd6b7e61-2bed-4d48-a267-d746fe449fed, version 1.0
Description : Unknown RPC service
Annotation : Device Credential Presence RPC Interface
Type : Local RPC service
Named pipe : LRPC-d87fed213883e9e3ff

Object UUID : 00000000-0000-0000-0000-000000000000
UUID : 8337aebc-5564-46fd-bc41-7798f18d2e4b, version 1.0
Description : Unknown RPC service
Annotation : Device Credential Manager RPC Interface
Type : Local RPC service
Named pipe : LRPC-d87fed213883e9e3ff

Object UUID : 00000000-0000-0000-0000-000000000000
UUID : 3473dd4d-2e88-4006-9cba-22570909dd10, version 5.0
Description : Unknown RPC service
Annotation : WinHttp Auto-Proxy Service
Type : Local RPC service
Named pipe : LRPC-1201271955b2d3ec38

Object UUID : 00000000-0000-0000-0000-000000000000
UUID : 3473dd4d-2e88-4006-9cba-22570909dd10, version 5.0
Description : Unknown RPC service
Annotation : WinHttp Auto-Proxy Service
Type : Local RPC service
Named pipe : 7a0baee1-07e5-4ea6-be00-919625d89395

Object UUID : 00000000-0000-0000-0000-000000000000
UUID : bf4dc912-e52f-4904-8ebe-9317c1bdd497, version 1.0
Description : Unknown RPC service
Type : Local RPC service
Named pipe : OLE9E05BC3248333EB8A39BBF350213

Object UUID : 00000000-0000-0000-0000-000000000000
UUID : bf4dc912-e52f-4904-8ebe-9317c1bdd497, version 1.0
Description : Unknown RPC service
Type : Local RPC service
Named pipe : LRPC-899a4202cc9634dc92

Object UUID : 00000000-0000-0000-0000-000000000000
UUID : a4b8d482-80ce-40d6-934d-b22a01a44fe7, version 1.0
Description : Unknown RPC service
Annotation : LicenseManager
Type : Local RPC service
Named pipe : LicenseServiceEndpoint

Object UUID : ccb8aa07-7225-4ea0-8501-4b3c1b1acd43
UUID : d09bdeb5-6171-4a34-bfe2-06fa82652568, version 1.0
Description : Unknown RPC service
Type : Local RPC service
Named pipe : OLEC69BFB3A547241994276CB241353

Object UUID : ccb8aa07-7225-4ea0-8501-4b3c1b1acd43
UUID : d09bdeb5-6171-4a34-bfe2-06fa82652568, version 1.0
Description : Unknown RPC service
Type : Local RPC service
Named pipe : LRPC-09777c159ea3fec864

Object UUID : 582a47b2-bcd8-4d3c-8acb-fe09d5bd6eec
UUID : d09bdeb5-6171-4a34-bfe2-06fa82652568, version 1.0
Description : Unknown RPC service
Type : Local RPC service
Named pipe : OLEC69BFB3A547241994276CB241353

Object UUID : 582a47b2-bcd8-4d3c-8acb-fe09d5bd6eec
UUID : d09bdeb5-6171-4a34-bfe2-06fa82652568, version 1.0
Description : Unknown RPC service
Type : Local RPC service
Named pipe : LRPC-09777c159ea3fec864

Object UUID : 00000000-0000-0000-0000-000000000000
UUID : 06bba54a-be05-49f9-b0a0-30f790261023, version 1.0
Description : Unknown RPC service
Annotation : Security Center
Type : Local RPC service
Named pipe : OLEEDB3949F5A74E6398D292827082B

Object UUID : 00000000-0000-0000-0000-000000000000
UUID : 06bba54a-be05-49f9-b0a0-30f790261023, version 1.0
Description : Unknown RPC service
Annotation : Security Center
Type : Local RPC service
Named pipe : LRPC-385eebea5f39f044b9

Object UUID : 00000000-0000-0000-0000-000000000000
UUID : be6293d3-2827-4dda-8057-8588240124c9, version 0.0
Description : Unknown RPC service
Type : Local RPC service
Named pipe : LRPC-4cfd2fbf1653b47d11

Object UUID : 00000000-0000-0000-0000-000000000000
UUID : 54b4c689-969a-476f-8dc2-990885e9f562, version 0.0
Description : Unknown RPC service
Type : Local RPC service
Named pipe : LRPC-4cfd2fbf1653b47d11

Object UUID : 00000000-0000-0000-0000-000000000000
UUID : 7a20fcec-dec4-4c59-be57-212e8f65d3de, version 1.0
Description : Unknown RPC service
Type : Local RPC service
Named pipe : LRPC-bac4f8a2d98697fe7c

Object UUID : 00000000-0000-0000-0000-000000000000
UUID : 0497b57d-2e66-424f-a0c6-157cd5d41700, version 1.0
Description : Unknown RPC service
Annotation : AppInfo
Type : Local RPC service
Named pipe : LRPC-b9bb896a0a6fe29ae4

Object UUID : 00000000-0000-0000-0000-000000000000
UUID : 201ef99a-7fa0-444c-9399-19ba84f12a1a, version 1.0
Description : Unknown RPC service
Annotation : AppInfo
Type : Local RPC service
Named pipe : LRPC-b9bb896a0a6fe29ae4

Object UUID : 00000000-0000-0000-0000-000000000000
UUID : 5f54ce7d-5b79-4175-8584-cb65313a0e98, version 1.0
Description : Unknown RPC service
Annotation : AppInfo
Type : Local RPC service
Named pipe : LRPC-b9bb896a0a6fe29ae4

Object UUID : 00000000-0000-0000-0000-000000000000
UUID : fd7a0523-dc70-43dd-9b2e-9c5ed48225b1, version 1.0
Description : Unknown RPC service
Annotation : AppInfo
Type : Local RPC service
Named pipe : LRPC-b9bb896a0a6fe29ae4

Object UUID : 00000000-0000-0000-0000-000000000000
UUID : 58e604e8-9adb-4d2e-a464-3b0683fb1480, version 1.0
Description : Unknown RPC service
Annotation : AppInfo
Type : Local RPC service
Named pipe : LRPC-b9bb896a0a6fe29ae4

Object UUID : 00000000-0000-0000-0000-000000000000
UUID : 0767a036-0d22-48aa-ba69-b619480f38cb, version 1.0
Description : Unknown RPC service
Annotation : PcaSvc
Type : Local RPC service
Named pipe : LRPC-07ba92f999e117d71a

Object UUID : 00000000-0000-0000-0000-000000000000
UUID : 8eefa2e8-d033-4a08-a484-139c0b09371d, version 1.0
Description : Unknown RPC service
Type : Local RPC service
Named pipe : OLEBCDBE6DF1B7480338DFB8F594C7F

Object UUID : 00000000-0000-0000-0000-000000000000
UUID : 8eefa2e8-d033-4a08-a484-139c0b09371d, version 1.0
Description : Unknown RPC service
Type : Local RPC service
Named pipe : 8EEFA2E8-D033-4A08-A484-139C0B09371D

Object UUID : 00000000-0000-0000-0000-000000000000
UUID : c27f3c08-92ba-478c-b446-b419c4cef0e2, version 1.0
Description : Unknown RPC service
Type : Local RPC service
Named pipe : LRPC-8938937cef3be9857e

Object UUID : 00000000-0000-0000-0000-000000000000
UUID : 30034843-029d-46ec-8fff-5d12987f85c4, version 1.0
Description : Unknown RPC service
Annotation : INgcProvisioningHandler
Type : Local RPC service
Named pipe : LRPC-68d034eaf9820a5bc9

Object UUID : 00000000-0000-0000-0000-000000000000
UUID : 8bef2320-f308-4720-b913-0129cecfa6b9, version 1.0
Description : Unknown RPC service
Annotation : IVscProvisioningHandler
Type : Local RPC service
Named pipe : LRPC-68d034eaf9820a5bc9

Object UUID : 00000000-0000-0000-0000-000000000000
UUID : 2d24ff0b-1bab-404c-a0fd-42c85577bf68, version 1.0
Description : Unknown RPC service
Annotation : INgcHandler
Type : Local RPC service
Named pipe : LRPC-68d034eaf9820a5bc9

Object UUID : 00000000-0000-0000-0000-000000000000
UUID : 7642249b-84c2-4404-b6eb-1e0a2458839a, version 1.0
Description : Unknown RPC service
Annotation : INgcSecureBioHandler
Type : Local RPC service
Named pipe : LRPC-68d034eaf9820a5bc9

Object UUID : 00000000-0000-0000-0000-000000000000
UUID : e6f89680-fc98-11e3-80d4-10604b681cfa, version 1.0
Description : Unknown RPC service
Annotation : INgcGidsHandler
Type : Local RPC service
Named pipe : LRPC-68d034eaf9820a5bc9

Object UUID : 00000000-0000-0000-0000-000000000000
UUID : d4051bde-9cdd-4910-b393-4aa85ec3c482, version 1.0
Description : Unknown RPC service
Type : Local RPC service
Named pipe : LRPC-077206c9984e673d0b

Object UUID : 00000000-0000-0000-0000-000000000000
UUID : 4c9dbf19-d39e-4bb9-90ee-8f7179b20283, version 1.0
Description : Unknown RPC service
Type : Local RPC service
Named pipe : LRPC-077206c9984e673d0b

Object UUID : 00000000-0000-0000-0000-000000000000
UUID : fd8be72b-a9cd-4b2c-a9ca-4ded242fbe4d, version 1.0
Description : Unknown RPC service
Type : Local RPC service
Named pipe : LRPC-077206c9984e673d0b

Object UUID : 00000000-0000-0000-0000-000000000000
UUID : 95095ec8-32ea-4eb0-a3e2-041f97b36168, version 1.0
Description : Unknown RPC service
Type : Local RPC service
Named pipe : LRPC-077206c9984e673d0b

Object UUID : 00000000-0000-0000-0000-000000000000
UUID : e38f5360-8572-473e-b696-1b46873beeab, version 1.0
Description : Unknown RPC service
Type : Local RPC service
Named pipe : LRPC-077206c9984e673d0b

Object UUID : 00000000-0000-0000-0000-000000000000
UUID : d22895ef-aff4-42c5-a5b2-b14466d34ab4, version 1.0
Description : Unknown RPC service
Type : Local RPC service
Named pipe : LRPC-077206c9984e673d0b

Object UUID : 00000000-0000-0000-0000-000000000000
UUID : 98cd761e-e77d-41c8-a3c0-0fb756d90ec2, version 1.0
Description : Unknown RPC service
Type : Local RPC service
Named pipe : LRPC-077206c9984e673d0b

Object UUID : 00000000-0000-0000-0000-000000000000
UUID : 714dc5c4-c5f6-466a-b037-a573c958031e, version 1.0
Description : Unknown RPC service
Annotation : ProcessTag Server Endpoint
Type : Local RPC service
Named pipe : OLE3099F794F986A62E08AF2856FFAC

Object UUID : 00000000-0000-0000-0000-000000000000
UUID : 714dc5c4-c5f6-466a-b037-a573c958031e, version 1.0
Description : Unknown RPC service
Annotation : ProcessTag Server Endpoint
Type : Local RPC service
Named pipe : LRPC-3acb21c0b03e82479a

Object UUID : 00000000-0000-0000-0000-000000000000
UUID : 650a7e26-eab8-5533-ce43-9c1dfce11511, version 1.0
Description : Unknown RPC service
Annotation : Vpn APIs
Type : Local RPC service
Named pipe : RasmanLrpc

Object UUID : 00000000-0000-0000-0000-000000000000
UUID : 650a7e26-eab8-5533-ce43-9c1dfce11511, version 1.0
Description : Unknown RPC service
Annotation : Vpn APIs
Type : Local RPC service
Named pipe : VpnikeRpc

Object UUID : 00000000-0000-0000-0000-000000000000
UUID : 650a7e26-eab8-5533-ce43-9c1dfce11511, version 1.0
Description : Unknown RPC service
Annotation : Vpn APIs
Type : Local RPC service
Named pipe : LRPC-262e8f6b8e1a1ad928

Object UUID : 00000000-0000-0000-0000-000000000000
UUID : 944be8cf-bd2b-46e4-90a9-2b947b152a6d, version 1.0
Description : Unknown RPC service
Type : Local RPC service
Named pipe : HsaSampleRpcEndpoint

Object UUID : 00000000-0000-0000-0000-000000000000
UUID : a398e520-d59a-4bdd-aa7a-3c1e0303a511, version 1.0
Description : Unknown RPC service
Annotation : IKE/Authip API
Type : Local RPC service
Named pipe : LRPC-24f9ff1b51ea57f947

Object UUID : 00000000-0000-0000-0000-000000000000
UUID : 11c6212d-d5f3-4500-ab16-634dc63037be, version 1.0
Description : Unknown RPC service
Type : Local RPC service
Named pipe : OLE7D145E06F9410BF377F267E6C304

Object UUID : 00000000-0000-0000-0000-000000000000
UUID : 11c6212d-d5f3-4500-ab16-634dc63037be, version 1.0
Description : Unknown RPC service
Type : Local RPC service
Named pipe : DaxRpcEndpoint

Object UUID : 00000000-0000-0000-0000-000000000000
UUID : 552d076a-cb29-4e44-8b6a-d15e59e2c0af, version 1.0
Description : Unknown RPC service
Annotation : IP Transition Configuration endpoint
Type : Local RPC service
Named pipe : LRPC-4731cb5df2363c01e5

Object UUID : 00000000-0000-0000-0000-000000000000
UUID : c49a5a70-8a7f-4e70-ba16-1e8f1f193ef1, version 1.0
Description : Unknown RPC service
Annotation : Adh APIs
Type : Local RPC service
Named pipe : LRPC-4731cb5df2363c01e5

Object UUID : 00000000-0000-0000-0000-000000000000
UUID : c49a5a70-8a7f-4e70-ba16-1e8f1f193ef1, version 1.0
Description : Unknown RPC service
Annotation : Adh APIs
Type : Local RPC service
Named pipe : TeredoDiagnostics

Object UUID : 00000000-0000-0000-0000-000000000000
UUID : c49a5a70-8a7f-4e70-ba16-1e8f1f193ef1, version 1.0
Description : Unknown RPC service
Annotation : Adh APIs
Type : Local RPC service
Named pipe : TeredoControl

Object UUID : 00000000-0000-0000-0000-000000000000
UUID : 2e6035b2-e8f1-41a7-a044-656b439c4c34, version 1.0
Description : Unknown RPC service
Annotation : Proxy Manager provider server endpoint
Type : Local RPC service
Named pipe : LRPC-4731cb5df2363c01e5

Object UUID : 00000000-0000-0000-0000-000000000000
UUID : 2e6035b2-e8f1-41a7-a044-656b439c4c34, version 1.0
Description : Unknown RPC service
Annotation : Proxy Manager provider server endpoint
Type : Local RPC service
Named pipe : TeredoDiagnostics

Object UUID : 00000000-0000-0000-0000-000000000000
UUID : 2e6035b2-e8f1-41a7-a044-656b439c4c34, version 1.0
Description : Unknown RPC service
Annotation : Proxy Manager provider server endpoint
Type : Local RPC service
Named pipe : TeredoControl

Object UUID : 00000000-0000-0000-0000-000000000000
UUID : 2e6035b2-e8f1-41a7-a044-656b439c4c34, version 1.0
Description : Unknown RPC service
Annotation : Proxy Manager provider server endpoint
Type : Local RPC service
Named pipe : OLEE6D0BB21EA16BECF6B4A40B4F531

Object UUID : 00000000-0000-0000-0000-000000000000
UUID : c36be077-e14b-4fe9-8abc-e856ef4f048b, version 1.0
Description : Unknown RPC service
Annotation : Proxy Manager client server endpoint
Type : Local RPC service
Named pipe : LRPC-4731cb5df2363c01e5

Object UUID : 00000000-0000-0000-0000-000000000000
UUID : c36be077-e14b-4fe9-8abc-e856ef4f048b, version 1.0
Description : Unknown RPC service
Annotation : Proxy Manager client server endpoint
Type : Local RPC service
Named pipe : TeredoDiagnostics

Object UUID : 00000000-0000-0000-0000-000000000000
UUID : c36be077-e14b-4fe9-8abc-e856ef4f048b, version 1.0
Description : Unknown RPC service
Annotation : Proxy Manager client server endpoint
Type : Local RPC service
Named pipe : TeredoControl

Object UUID : 00000000-0000-0000-0000-000000000000
UUID : c36be077-e14b-4fe9-8abc-e856ef4f048b, version 1.0
Description : Unknown RPC service
Annotation : Proxy Manager client server endpoint
Type : Local RPC service
Named pipe : OLEE6D0BB21EA16BECF6B4A40B4F531

Object UUID : 00000000-0000-0000-0000-000000000000
UUID : 98716d03-89ac-44c7-bb8c-285824e51c4a, version 1.0
Description : Unknown RPC service
Annotation : XactSrv service
Type : Local RPC service
Named pipe : LRPC-4b6b7ceb3bbd9d20ae

Object UUID : 00000000-0000-0000-0000-000000000000
UUID : 1a0d010f-1c33-432c-b0f5-8cf4e8053099, version 1.0
Description : Unknown RPC service
Annotation : IdSegSrv service
Type : Local RPC service
Named pipe : LRPC-4b6b7ceb3bbd9d20ae

Object UUID : 00000000-0000-0000-0000-000000000000
UUID : dd490425-5325-4565-b774-7e27d6c09c24, version 1.0
Description : Unknown RPC service
Annotation : Base Firewall Engine API
Type : Local RPC service
Named pipe : LRPC-8f92d4d58c334354c7

Object UUID : 00000000-0000-0000-0000-000000000000
UUID : 7f9d11bf-7fb9-436b-a812-b2d50c5d4c03, version 1.0
Description : Unknown RPC service
Annotation : Fw APIs
Type : Local RPC service
Named pipe : LRPC-8f92d4d58c334354c7

Object UUID : 00000000-0000-0000-0000-000000000000
UUID : 7f9d11bf-7fb9-436b-a812-b2d50c5d4c03, version 1.0
Description : Unknown RPC service
Annotation : Fw APIs
Type : Local RPC service
Named pipe : LRPC-9ad5e98a0367af22d7

Object UUID : 00000000-0000-0000-0000-000000000000
UUID : f47433c3-3e9d-4157-aad4-83aa1f5c2d4c, version 1.0
Description : Unknown RPC service
Annotation : Fw APIs
Type : Local RPC service
Named pipe : LRPC-8f92d4d58c334354c7

Object UUID : 00000000-0000-0000-0000-000000000000
UUID : f47433c3-3e9d-4157-aad4-83aa1f5c2d4c, version 1.0
Description : Unknown RPC service
Annotation : Fw APIs
Type : Local RPC service
Named pipe : LRPC-9ad5e98a0367af22d7

Object UUID : 00000000-0000-0000-0000-000000000000
UUID : f47433c3-3e9d-4157-aad4-83aa1f5c2d4c, version 1.0
Description : Unknown RPC service
Annotation : Fw APIs
Type : Local RPC service
Named pipe : LRPC-5e5fe06913f8f22b17

Object UUID : 00000000-0000-0000-0000-000000000000
UUID : 2fb92682-6599-42dc-ae13-bd2ca89bd11c, version 1.0
Description : Unknown RPC service
Annotation : Fw APIs
Type : Local RPC service
Named pipe : LRPC-8f92d4d58c334354c7

Object UUID : 00000000-0000-0000-0000-000000000000
UUID : 2fb92682-6599-42dc-ae13-bd2ca89bd11c, version 1.0
Description : Unknown RPC service
Annotation : Fw APIs
Type : Local RPC service
Named pipe : LRPC-9ad5e98a0367af22d7

Object UUID : 00000000-0000-0000-0000-000000000000
UUID : 2fb92682-6599-42dc-ae13-bd2ca89bd11c, version 1.0
Description : Unknown RPC service
Annotation : Fw APIs
Type : Local RPC service
Named pipe : LRPC-5e5fe06913f8f22b17

Object UUID : 00000000-0000-0000-0000-000000000000
UUID : 2fb92682-6599-42dc-ae13-bd2ca89bd11c, version 1.0
Description : Unknown RPC service
Annotation : Fw APIs
Type : Local RPC service
Named pipe : LRPC-b9fdc19eddb0d5ccb8

Object UUID : 00000000-0000-0000-0000-000000000000
UUID : f2c9b409-c1c9-4100-8639-d8ab1486694a, version 1.0
Description : Unknown RPC service
Annotation : Witness Client Upcall Server
Type : Local RPC service
Named pipe : LRPC-9ec3c8ba5320d89d61

Object UUID : 00000000-0000-0000-0000-000000000000
UUID : eb081a0d-10ee-478a-a1dd-50995283e7a8, version 3.0
Description : Unknown RPC service
Annotation : Witness Client Test Interface
Type : Local RPC service
Named pipe : LRPC-9ec3c8ba5320d89d61

Object UUID : 00000000-0000-0000-0000-000000000000
UUID : 7f1343fe-50a9-4927-a778-0c5859517bac, version 1.0
Description : Unknown RPC service
Annotation : DfsDs service
Type : Local RPC service
Named pipe : LRPC-9ec3c8ba5320d89d61

Object UUID : 00000000-0000-0000-0000-000000000000
UUID : 25952c5d-7976-4aa1-a3cb-c35f7ae79d1b, version 1.0
Description : Unknown RPC service
Annotation : Wireless Diagnostics
Type : Local RPC service
Named pipe : LRPC-01a72867c778cc2821

Object UUID : 6e616c77-7673-0063-0000-000000000000
UUID : c9ac6db5-82b7-4e55-ae8a-e464ed7b4277, version 1.0
Description : Unknown RPC service
Annotation : Impl friendly name
Type : Local RPC service
Named pipe : LRPC-01a72867c778cc2821

Object UUID : 00000000-0000-0000-0000-000000000000
UUID : 266f33b4-c7c1-4bd1-8f52-ddb8f2214ea9, version 1.0
Description : Unknown RPC service
Annotation : Wlan Service
Type : Local RPC service
Named pipe : LRPC-01a72867c778cc2821

Object UUID : 00000000-0000-0000-0000-000000000000
UUID : 266f33b4-c7c1-4bd1-8f52-ddb8f2214ea9, version 1.0
Description : Unknown RPC service
Annotation : Wlan Service
Type : Local RPC service
Named pipe : LRPC-7f933fb990638fed91

Object UUID : 00000000-0000-0000-0000-000000000000
UUID : 266f33b4-c7c1-4bd1-8f52-ddb8f2214eb0, version 1.0
Description : Unknown RPC service
Annotation : Wlan Service LowPriv
Type : Local RPC service
Named pipe : LRPC-01a72867c778cc2821

Object UUID : 00000000-0000-0000-0000-000000000000
UUID : 266f33b4-c7c1-4bd1-8f52-ddb8f2214eb0, version 1.0
Description : Unknown RPC service
Annotation : Wlan Service LowPriv
Type : Local RPC service
Named pipe : LRPC-7f933fb990638fed91

Object UUID : 00000000-0000-0000-0000-000000000000
UUID : af7fead8-c34a-461f-8894-6d6f0e5eddcd, version 1.0
Description : Unknown RPC service
Type : Local RPC service
Named pipe : LRPC-01a72867c778cc2821

Object UUID : 00000000-0000-0000-0000-000000000000
UUID : af7fead8-c34a-461f-8894-6d6f0e5eddcd, version 1.0
Description : Unknown RPC service
Type : Local RPC service
Named pipe : LRPC-7f933fb990638fed91

Object UUID : 00000000-0000-0000-0000-000000000000
UUID : af7fead8-c34a-461f-8894-6d6f0e5eddcd, version 1.0
Description : Unknown RPC service
Type : Local RPC service
Named pipe : OLE1F8AF3AE1989ACA85BC9EB2BA2C4

Object UUID : 00000000-0000-0000-0000-000000000000
UUID : af7fead8-c34a-461f-8894-6d6f0e5eddcd, version 1.0
Description : Unknown RPC service
Type : Local RPC service
Named pipe : LRPC-a6af0f9da5c32042ee

Object UUID : 00000000-0000-0000-0000-000000000000
UUID : 12345678-1234-abcd-ef00-0123456789ab, version 1.0
Description : IPsec Services (Windows XP & 2003)
Windows process : lsass.exe
Type : Local RPC service
Named pipe : LRPC-8db9b51d382e40eaeb

Object UUID : 00000000-0000-0000-0000-000000000000
UUID : 0b6edbfa-4a24-4fc6-8a23-942b1eca65d1, version 1.0
Description : Unknown RPC service
Type : Local RPC service
Named pipe : LRPC-8db9b51d382e40eaeb

Object UUID : 00000000-0000-0000-0000-000000000000
UUID : ae33069b-a2a8-46ee-a235-ddfd339be281, version 1.0
Description : Unknown RPC service
Type : Local RPC service
Named pipe : LRPC-8db9b51d382e40eaeb

Object UUID : 00000000-0000-0000-0000-000000000000
UUID : 4a452661-8290-4b36-8fbe-7f4093a94978, version 1.0
Description : Unknown RPC service
Type : Local RPC service
Named pipe : LRPC-8db9b51d382e40eaeb

Object UUID : 00000000-0000-0000-0000-000000000000
UUID : 76f03f96-cdfd-44fc-a22c-64950a001209, version 1.0
Description : Unknown RPC service
Type : Local RPC service
Named pipe : LRPC-8db9b51d382e40eaeb

Object UUID : 00000000-0000-0000-0000-000000000000
UUID : abfb6ca3-0c5e-4734-9285-0aee72fe8d1c, version 1.0
Description : Unknown RPC service
Type : Local RPC service
Named pipe : OLEDB5CB158E8C138AE5882816CA337

Object UUID : 00000000-0000-0000-0000-000000000000
UUID : abfb6ca3-0c5e-4734-9285-0aee72fe8d1c, version 1.0
Description : Unknown RPC service
Type : Local RPC service
Named pipe : LRPC-f4e840959aa70e2e84

Object UUID : 00000000-0000-0000-0000-000000000000
UUID : b37f900a-eae4-4304-a2ab-12bb668c0188, version 1.0
Description : Unknown RPC service
Type : Local RPC service
Named pipe : OLEDB5CB158E8C138AE5882816CA337

Object UUID : 00000000-0000-0000-0000-000000000000
UUID : b37f900a-eae4-4304-a2ab-12bb668c0188, version 1.0
Description : Unknown RPC service
Type : Local RPC service
Named pipe : LRPC-f4e840959aa70e2e84

Object UUID : 00000000-0000-0000-0000-000000000000
UUID : e7f76134-9ef5-4949-a2d6-3368cc0988f3, version 1.0
Description : Unknown RPC service
Type : Local RPC"
10736,,,None,192.168.56.1,tcp,445,DCE Services Enumeration,A DCE/RPC service is running on the remote host.,"By sending a Lookup request to the portmapper (TCP 135 or epmapper
PIPE) it was possible to enumerate the Distributed Computing
Environment (DCE) services running on the remote port. Using this
information it is possible to connect and bind to each service by
sending an RPC request to the remote port/pipe.",n/a,,"
The following DCERPC services are available remotely :

Object UUID : 00000000-0000-0000-0000-000000000000
UUID : 04eeb297-cbf4-466b-8a2a-bfd6a2f10bba, version 1.0
Description : Unknown RPC service
Annotation : EFSK RPC Interface
Type : Remote RPC service
Named pipe : \pipe\efsrpc
Netbios name : \\LAPTOP-USM587O6

Object UUID : 00000000-0000-0000-0000-000000000000
UUID : df1941c5-fe89-4e79-bf10-463657acf44d, version 1.0
Description : Unknown RPC service
Annotation : EFS RPC Interface
Type : Remote RPC service
Named pipe : \pipe\efsrpc
Netbios name : \\LAPTOP-USM587O6

Object UUID : 00000000-0000-0000-0000-000000000000
UUID : 650a7e26-eab8-5533-ce43-9c1dfce11511, version 1.0
Description : Unknown RPC service
Annotation : Vpn APIs
Type : Remote RPC service
Named pipe : \PIPE\ROUTER
Netbios name : \\LAPTOP-USM587O6

Object UUID : 00000000-0000-0000-0000-000000000000
UUID : 7f1343fe-50a9-4927-a778-0c5859517bac, version 1.0
Description : Unknown RPC service
Annotation : DfsDs service
Type : Remote RPC service
Named pipe : \PIPE\wkssvc
Netbios name : \\LAPTOP-USM587O6

Object UUID : 00000000-0000-0000-0000-000000000000
UUID : f6beaff7-1e19-4fbb-9f8f-b89e2018337c, version 1.0
Description : Unknown RPC service
Annotation : Event log TCPIP
Type : Remote RPC service
Named pipe : \pipe\eventlog
Netbios name : \\LAPTOP-USM587O6

Object UUID : 00000000-0000-0000-0000-000000000000
UUID : 1ff70682-0a51-30e8-076d-740be8cee98b, version 1.0
Description : Scheduler Service
Windows process : svchost.exe
Type : Remote RPC service
Named pipe : \PIPE\atsvc
Netbios name : \\LAPTOP-USM587O6

Object UUID : 00000000-0000-0000-0000-000000000000
UUID : 378e52b0-c0a9-11cf-822d-00aa0051e40f, version 1.0
Description : Scheduler Service
Windows process : svchost.exe
Type : Remote RPC service
Named pipe : \PIPE\atsvc
Netbios name : \\LAPTOP-USM587O6

Object UUID : 00000000-0000-0000-0000-000000000000
UUID : 33d84484-3626-47ee-8c6f-e7e98b113be1, version 2.0
Description : Unknown RPC service
Type : Remote RPC service
Named pipe : \PIPE\atsvc
Netbios name : \\LAPTOP-USM587O6

Object UUID : 00000000-0000-0000-0000-000000000000
UUID : 86d35949-83c9-4044-b424-db363231fd0c, version 1.0
Description : Unknown RPC service
Type : Remote RPC service
Named pipe : \PIPE\atsvc
Netbios name : \\LAPTOP-USM587O6

Object UUID : 00000000-0000-0000-0000-000000000000
UUID : 3a9ef155-691d-4449-8d05-09ad57031823, version 1.0
Description : Unknown RPC service
Type : Remote RPC service
Named pipe : \PIPE\atsvc
Netbios name : \\LAPTOP-USM587O6

Object UUID : b08669ee-8cb5-43a5-a017-84fe00000000
UUID : 76f226c3-ec14-4325-8a99-6a46348418af, version 1.0
Description : Unknown RPC service
Type : Remote RPC service
Named pipe : \PIPE\InitShutdown
Netbios name : \\LAPTOP-USM587O6

Object UUID : 765294ba-60bc-48b8-92e9-89fd77769d91
UUID : d95afe70-a6d5-4259-822e-2c84da1ddb0d, version 1.0
Description : Unknown RPC service
Type : Remote RPC service
Named pipe : \PIPE\InitShutdown
Netbios name : \\LAPTOP-USM587O6

Object UUID : 00000000-0000-0000-0000-000000000000
UUID : 12345778-1234-abcd-ef00-0123456789ac, version 1.0
Description : Security Account Manager
Windows process : lsass.exe
Type : Remote RPC service
Named pipe : \pipe\lsass
Netbios name : \\LAPTOP-USM587O6

Object UUID : 00000000-0000-0000-0000-000000000000
UUID : b25a52bf-e5dd-4f4a-aea6-8ca7272a0e86, version 2.0
Description : Unknown RPC service
Annotation : KeyIso
Type : Remote RPC service
Named pipe : \pipe\lsass
Netbios name : \\LAPTOP-USM587O6

Object UUID : 00000000-0000-0000-0000-000000000000
UUID : 8fb74744-b2ff-4c00-be0d-9ef9a191fe1b, version 1.0
Description : Unknown RPC service
Annotation : Ngc Pop Key Service
Type : Remote RPC service
Named pipe : \pipe\lsass
Netbios name : \\LAPTOP-USM587O6

Object UUID : 00000000-0000-0000-0000-000000000000
UUID : 51a227ae-825b-41f2-b4a9-1ac9557a1018, version 1.0
Description : Unknown RPC service
Annotation : Ngc Pop Key Service
Type : Remote RPC service
Named pipe : \pipe\lsass
Netbios name : \\LAPTOP-USM587O6

"
10736,,,None,192.168.56.1,tcp,49664,DCE Services Enumeration,A DCE/RPC service is running on the remote host.,"By sending a Lookup request to the portmapper (TCP 135 or epmapper
PIPE) it was possible to enumerate the Distributed Computing
Environment (DCE) services running on the remote port. Using this
information it is possible to connect and bind to each service by
sending an RPC request to the remote port/pipe.",n/a,,"
The following DCERPC services are available on TCP port 49664 :

Object UUID : 00000000-0000-0000-0000-000000000000
UUID : 51a227ae-825b-41f2-b4a9-1ac9557a1018, version 1.0
Description : Unknown RPC service
Annotation : Ngc Pop Key Service
Type : Remote RPC service
TCP Port : 49664
IP : 192.168.56.1

Object UUID : 00000000-0000-0000-0000-000000000000
UUID : 12345778-1234-abcd-ef00-0123456789ac, version 1.0
Description : Security Account Manager
Windows process : lsass.exe
Type : Remote RPC service
TCP Port : 49664
IP : 192.168.56.1

Object UUID : 00000000-0000-0000-0000-000000000000
UUID : b25a52bf-e5dd-4f4a-aea6-8ca7272a0e86, version 2.0
Description : Unknown RPC service
Annotation : KeyIso
Type : Remote RPC service
TCP Port : 49664
IP : 192.168.56.1

Object UUID : 00000000-0000-0000-0000-000000000000
UUID : 8fb74744-b2ff-4c00-be0d-9ef9a191fe1b, version 1.0
Description : Unknown RPC service
Annotation : Ngc Pop Key Service
Type : Remote RPC service
TCP Port : 49664
IP : 192.168.56.1

"
10736,,,None,192.168.56.1,tcp,49665,DCE Services Enumeration,A DCE/RPC service is running on the remote host.,"By sending a Lookup request to the portmapper (TCP 135 or epmapper
PIPE) it was possible to enumerate the Distributed Computing
Environment (DCE) services running on the remote port. Using this
information it is possible to connect and bind to each service by
sending an RPC request to the remote port/pipe.",n/a,,"
The following DCERPC services are available on TCP port 49665 :

Object UUID : 765294ba-60bc-48b8-92e9-89fd77769d91
UUID : d95afe70-a6d5-4259-822e-2c84da1ddb0d, version 1.0
Description : Unknown RPC service
Type : Remote RPC service
TCP Port : 49665
IP : 192.168.56.1

"
10736,,,None,192.168.56.1,tcp,49666,DCE Services Enumeration,A DCE/RPC service is running on the remote host.,"By sending a Lookup request to the portmapper (TCP 135 or epmapper
PIPE) it was possible to enumerate the Distributed Computing
Environment (DCE) services running on the remote port. Using this
information it is possible to connect and bind to each service by
sending an RPC request to the remote port/pipe.",n/a,,"
The following DCERPC services are available on TCP port 49666 :

Object UUID : 00000000-0000-0000-0000-000000000000
UUID : 86d35949-83c9-4044-b424-db363231fd0c, version 1.0
Description : Unknown RPC service
Type : Remote RPC service
TCP Port : 49666
IP : 192.168.56.1

Object UUID : 00000000-0000-0000-0000-000000000000
UUID : 3a9ef155-691d-4449-8d05-09ad57031823, version 1.0
Description : Unknown RPC service
Type : Remote RPC service
TCP Port : 49666
IP : 192.168.56.1

"
10736,,,None,192.168.56.1,tcp,49667,DCE Services Enumeration,A DCE/RPC service is running on the remote host.,"By sending a Lookup request to the portmapper (TCP 135 or epmapper
PIPE) it was possible to enumerate the Distributed Computing
Environment (DCE) services running on the remote port. Using this
information it is possible to connect and bind to each service by
sending an RPC request to the remote port/pipe.",n/a,,"
The following DCERPC services are available on TCP port 49667 :

Object UUID : 00000000-0000-0000-0000-000000000000
UUID : f6beaff7-1e19-4fbb-9f8f-b89e2018337c, version 1.0
Description : Unknown RPC service
Annotation : Event log TCPIP
Type : Remote RPC service
TCP Port : 49667
IP : 192.168.56.1

"
10736,,,None,192.168.56.1,tcp,49668,DCE Services Enumeration,A DCE/RPC service is running on the remote host.,"By sending a Lookup request to the portmapper (TCP 135 or epmapper
PIPE) it was possible to enumerate the Distributed Computing
Environment (DCE) services running on the remote port. Using this
information it is possible to connect and bind to each service by
sending an RPC request to the remote port/pipe.",n/a,,"
The following DCERPC services are available on TCP port 49668 :

Object UUID : 00000000-0000-0000-0000-000000000000
UUID : 12345678-1234-abcd-ef00-0123456789ab, version 1.0
Description : IPsec Services (Windows XP & 2003)
Windows process : lsass.exe
Type : Remote RPC service
TCP Port : 49668
IP : 192.168.56.1

Object UUID : 00000000-0000-0000-0000-000000000000
UUID : 0b6edbfa-4a24-4fc6-8a23-942b1eca65d1, version 1.0
Description : Unknown RPC service
Type : Remote RPC service
TCP Port : 49668
IP : 192.168.56.1

Object UUID : 00000000-0000-0000-0000-000000000000
UUID : ae33069b-a2a8-46ee-a235-ddfd339be281, version 1.0
Description : Unknown RPC service
Type : Remote RPC service
TCP Port : 49668
IP : 192.168.56.1

Object UUID : 00000000-0000-0000-0000-000000000000
UUID : 4a452661-8290-4b36-8fbe-7f4093a94978, version 1.0
Description : Unknown RPC service
Type : Remote RPC service
TCP Port : 49668
IP : 192.168.56.1

Object UUID : 00000000-0000-0000-0000-000000000000
UUID : 76f03f96-cdfd-44fc-a22c-64950a001209, version 1.0
Description : Unknown RPC service
Type : Remote RPC service
TCP Port : 49668
IP : 192.168.56.1

"
10736,,,None,192.168.56.1,tcp,49671,DCE Services Enumeration,A DCE/RPC service is running on the remote host.,"By sending a Lookup request to the portmapper (TCP 135 or epmapper
PIPE) it was possible to enumerate the Distributed Computing
Environment (DCE) services running on the remote port. Using this
information it is possible to connect and bind to each service by
sending an RPC request to the remote port/pipe.",n/a,,"
The following DCERPC services are available on TCP port 49671 :

Object UUID : 00000000-0000-0000-0000-000000000000
UUID : 367abb81-9844-35f1-ad32-98f038001003, version 2.0
Description : Service Control Manager
Windows process : svchost.exe
Type : Remote RPC service
TCP Port : 49671
IP : 192.168.56.1

"
11011,,,None,192.168.56.1,tcp,139,Microsoft Windows SMB Service Detection,A file / print sharing service is listening on the remote host.,"The remote service understands the CIFS (Common Internet File System)
or Server Message Block (SMB) protocol, used to provide shared access
to files, printers, etc between nodes on a network.",n/a,,"
An SMB server is running on this port.
"
11011,,,None,192.168.56.1,tcp,445,Microsoft Windows SMB Service Detection,A file / print sharing service is listening on the remote host.,"The remote service understands the CIFS (Common Internet File System)
or Server Message Block (SMB) protocol, used to provide shared access
to files, printers, etc between nodes on a network.",n/a,,"
A CIFS server is running on this port.
"
11936,,,None,192.168.56.1,tcp,0,OS Identification,It is possible to guess the remote operating system.,"Using a combination of remote probes (e.g., TCP/IP, SMB, HTTP, NTP,
SNMP, etc.), it is possible to guess the name of the remote operating
system in use. It is also possible sometimes to guess the version of
the operating system.",n/a,,"
Remote operating system : Windows
Confidence level : 50
Method : Misc

 
The remote host is running Windows"
12053,,,None,192.168.56.1,tcp,0,Host Fully Qualified Domain Name (FQDN) Resolution,It was possible to resolve the name of the remote host.,"Nessus was able to resolve the fully qualified domain name (FQDN) of
the remote host.",n/a,,"
192.168.56.1 resolves as LAPTOP-USM587O6.
"
19506,,,None,192.168.56.1,tcp,0,Nessus Scan Information,This plugin displays information about the Nessus scan.,"This plugin displays, for each tested host, information about the
scan itself :

  - The version of the plugin set.
  - The type of scanner (Nessus or Nessus Home).
  - The version of the Nessus Engine.
  - The port scanner(s) used.
  - The port range scanned.
  - Whether credentialed or third-party patch management
    checks are possible.
  - Whether the display of superseded patches is enabled
  - The date of the scan.
  - The duration of the scan.
  - The number of hosts scanned in parallel.
  - The number of checks done in parallel.",n/a,,"Information about this scan : 

Nessus version : 8.12.1
Plugin feed version : 202011041456
Scanner edition used : Nessus Home
Scan type : Normal
Scan policy used : Advanced Scan
Scanner IP : 192.168.56.1
Thorough tests : no
Experimental tests : no
Paranoia level : 1
Report verbosity : 1
Safe checks : yes
Optimize the test : yes
Credentialed checks : no
Patch management checks : None
Display superseded patches : yes (supersedence plugin launched)
CGI scanning : disabled
Web application tests : disabled
Max hosts : 5
Max checks : 5
Recv timeout : 5
Backports : None
Allow post-scan editing: Yes
Scan Start Date : 2020/11/10 16:21 India Standard Time
Scan duration : 324 sec
"
42410,,,None,192.168.56.1,tcp,445,Microsoft Windows NTLMSSP Authentication Request Remote Network Name Disclosure,It is possible to obtain the network name of the remote host.,"The remote host listens on tcp port 445 and replies to SMB requests.

By sending an NTLMSSP authentication request it is possible to obtain
the name of the remote system and the name of its domain.",n/a,,"The following 2 NetBIOS names have been gathered :

 LAPTOP-USM587O6  = Computer name
 LAPTOP-USM587O6  = Workgroup / Domain name
"
45590,,,None,192.168.56.1,tcp,0,Common Platform Enumeration (CPE),"It was possible to enumerate CPE names that matched on the remote
system.","By using information obtained from a Nessus scan, this plugin reports
CPE (Common Platform Enumeration) matches for various hardware and
software products found on a host. 

Note that if an official CPE is not available for the product, this
plugin computes the best possible CPE based on the information
available from the scan.",n/a,"http://cpe.mitre.org/
https://nvd.nist.gov/products/cpe","
The remote operating system matched the following CPE : 

  cpe:/o:microsoft:windows

Following application CPE matched on the remote system :

  cpe:/a:mysql:mysql:
"
54615,,,None,192.168.56.1,tcp,0,Device Type,It is possible to guess the remote device type.,"Based on the remote operating system, it is possible to determine
what the remote system type is (eg: a printer, router, general-purpose
computer, etc).",n/a,,"Remote device type : general-purpose
Confidence level : 50
"
57608,,5,Medium,192.168.56.1,tcp,445,SMB Signing not required,Signing is not required on the remote SMB server.,"Signing is not required on the remote SMB server. An unauthenticated,
remote attacker can exploit this to conduct man-in-the-middle attacks
against the SMB server.","Enforce message signing in the host's configuration. On Windows, this
is found in the policy setting 'Microsoft network server: Digitally
sign communications (always)'. On Samba, the setting is called 'server
signing'. See the 'see also' links for further details.","https://support.microsoft.com/en-us/help/887429/overview-of-server-message-block-signing
http://technet.microsoft.com/en-us/library/cc731957.aspx
http://www.nessus.org/u?74b80723
https://www.samba.org/samba/docs/current/man-html/smb.conf.5.html
http://www.nessus.org/u?a3cac4ea",
97993,,,None,192.168.56.1,tcp,0,OS Identification and Installed Software Enumeration over SSH v2 (Using New SSH Library),"Information about the remote host can be disclosed via an
authenticated session.","Nessus was able to login to the remote host using SSH or local
commands and extract the list of installed packages.",n/a,,"
Nessus can run commands on localhost to check if patches are applied.

Credentialed checks of Windows are not supported using SSH.

The remote host is not currently supported by this plugin.

Runtime : 1.99685 seconds
"
100871,,,None,192.168.56.1,tcp,445,Microsoft Windows SMB Versions Supported (remote check),"It was possible to obtain information about the version of SMB running
on the remote host.","Nessus was able to obtain the version of SMB running on the remote
host by sending an authentication request to port 139 or 445.

Note that this plugin is a remote check and does not work on agents.",n/a,,"
The remote host supports the following versions of SMB :
  SMBv2
"
106716,,,None,192.168.56.1,tcp,445,Microsoft Windows SMB2 and SMB3 Dialects Supported (remote check),"It was possible to obtain information about the dialects of SMB2 and SMB3 available
on the remote host.","Nessus was able to obtain the set of SMB2 and SMB3 dialects running on the remote
host by sending an authentication request to port 139 or 445.",n/a,,"
The remote host supports the following SMB dialects :
	_version_  _introduced in windows version_
	2.0.2      Windows 2008  
	2.1        Windows 7     
	3.0        Windows 8     
	3.0.2      Windows 8.1   
	3.1.1      Windows 10    

The remote host does NOT support the following SMB dialects :
	_version_  _introduced in windows version_
	2.2.2      Windows 8 Beta
	2.2.4      Windows 8 Beta
	3.1        Windows 10    
"
135860,,,None,192.168.56.1,tcp,445,WMI Not Available,WMI queries could not be made against the remote host.,"WMI (Windows Management Instrumentation) is not available on the
remote host over DCOM. WMI queries are used to gather information
about the remote host, such as its current state, network interface
configuration, etc.

Without this information Nessus may not be able to identify installed
software or security vunerabilities that exist on the remote host.",n/a,https://docs.microsoft.com/en-us/windows/win32/wmisdk/wmi-start-page,Can't connect to the 'root\CIMV2' WMI namespace.
